,Unnamed: 0,TV,Radio,Newspaper,Sales
Unnamed: 0,1.0,0.01771469491158804,-0.11068044101947486,-0.1549441437784102,-0.051616252473605996
TV,0.01771469491158804,1.0,0.05480866446583008,0.05664787496505698,0.7822244248616067
Radio,-0.11068044101947486,0.05480866446583008,1.0,0.35410375076117534,0.5762225745710555
Newspaper,-0.1549441437784102,0.05664787496505698,0.35410375076117534,1.0,0.22829902637616545
Sales,-0.051616252473605996,0.7822244248616067,0.5762225745710555,0.22829902637616545,1.0
