,Daily Time Spent on Site,Age,Area Income,Daily Internet Usage,Male,Clicked on Ad
Daily Time Spent on Site,1.0,-0.3315133427865839,0.31095441252288275,0.5186584753371867,-0.018950854598913703,-0.7481165641196352
Age,-0.3315133427865839,1.0,-0.18260495503262136,-0.367208560147359,-0.021044063680953545,0.49253126555603755
Area Income,0.31095441252288275,-0.18260495503262136,1.0,0.3374955328652761,0.0013223588849242528,-0.47625462753214454
Daily Internet Usage,0.5186584753371867,-0.367208560147359,0.3374955328652761,1.0,0.02801232630484873,-0.7865391758714916
Male,-0.018950854598913703,-0.021044063680953545,0.0013223588849242528,0.02801232630484873,1.0,-0.03802746574898813
Clicked on Ad,-0.7481165641196352,0.49253126555603755,-0.47625462753214454,-0.7865391758714916,-0.03802746574898813,1.0
