,Weight,Length1,Length2,Length3,Height,Width
Weight,1.0,0.9157117160312037,0.9186177013642219,0.9230435593620122,0.7243453291993318,0.8865066052433448
Length1,0.9157117160312037,1.0,0.9995172657489301,0.992030993344447,0.6253779191601662,0.8670497200958207
Length2,0.9186177013642219,0.9995172657489301,1.0,0.9941026347531177,0.6404408010134526,0.8735466773551012
Length3,0.9230435593620122,0.992030993344447,0.9941026347531177,1.0,0.7034089454175447,0.8785201590785149
Height,0.7243453291993318,0.6253779191601662,0.6404408010134526,0.7034089454175447,1.0,0.7928810172871043
Width,0.8865066052433448,0.8670497200958207,0.8735466773551012,0.8785201590785149,0.7928810172871043,1.0
