,age,bmi,children,charges
age,1.0,0.1092718815485351,0.04246899855884958,0.299008193330648
bmi,0.1092718815485351,1.0,0.012758900820673994,0.19834096883362912
children,0.04246899855884958,0.012758900820673994,1.0,0.06799822684790495
charges,0.299008193330648,0.19834096883362912,0.06799822684790495,1.0
