,Square Footage,Number of Occupants,Appliances Used,Average Temperature,Energy Consumption
Square Footage,1.0,0.033378550471809064,-0.013477901212587847,0.02727347984466849,0.7748725947989458
Number of Occupants,0.033378550471809064,1.0,0.023646486715902363,0.01412179168891153,0.3544846949810123
Appliances Used,-0.013477901212587847,0.023646486715902363,1.0,-0.06286961648347161,0.31279171635568803
Average Temperature,0.02727347984466849,0.01412179168891153,-0.06286961648347161,1.0,-0.03448715974730281
Energy Consumption,0.7748725947989458,0.3544846949810123,0.31279171635568803,-0.03448715974730281,1.0
