,Temperature (C),Apparent Temperature (C),Humidity,Wind Speed (km/h),Wind Bearing (degrees),Visibility (km),Loud Cover,Pressure (millibars)
Temperature (C),1.0,0.9926340404792396,-0.6322240758254939,0.00865909617548321,0.029837002933181207,0.3938128642084153,,-0.005286498848196254
Apparent Temperature (C),0.9926340404792396,1.0,-0.6024601346012027,-0.057060908952999576,0.028846147283031243,0.382675466766026,,-6.893659503625188e-05
Humidity,-0.6322240758254939,-0.6024601346012027,1.0,-0.22469712625601748,0.0007685458405821496,-0.3706213935929714,,0.005376882340920539
Wind Speed (km/h),0.00865909617548321,-0.057060908952999576,-0.22469712625601748,1.0,0.10448371817632184,0.10084705449291566,,-0.04943365880505552
Wind Bearing (degrees),0.029837002933181207,0.028846147283031243,0.0007685458405821496,0.10448371817632184,1.0,0.04888833118770866,,-0.011642691185043855
Visibility (km),0.3938128642084153,0.382675466766026,-0.3706213935929714,0.10084705449291566,0.04888833118770866,1.0,,0.06100941960956597
Loud Cover,,,,,,,,
Pressure (millibars),-0.005286498848196254,-6.893659503625188e-05,0.005376882340920539,-0.04943365880505552,-0.011642691185043855,0.06100941960956597,,1.0
