,hours_studied,sleep_hours,attendance_percent,previous_scores,exam_score
hours_studied,1.0,0.07786430142964205,-0.031311092912953586,0.06907820106185646,0.7767514349789606
sleep_hours,0.07786430142964205,1.0,0.0005719021204512479,-0.19425104117971986,0.18822198470447796
attendance_percent,-0.031311092912953586,0.0005719021204512479,1.0,0.05195805670798184,0.22571260459020462
previous_scores,0.06907820106185646,-0.19425104117971986,0.05195805670798184,1.0,0.4311047112479785
exam_score,0.7767514349789606,0.18822198470447796,0.22571260459020462,0.4311047112479785,1.0
