,Unnamed: 0,YearsExperience,Salary
Unnamed: 0,1.0,0.9864604031536542,0.9608259392639042
YearsExperience,0.9864604031536542,1.0,0.97824161848876
Salary,0.9608259392639042,0.97824161848876,1.0
